{"_timestamp":1.751874982538149e+09,"_runtime":93.39267,"_step":49,"episode":49,"_wandb":{"runtime":117},"avg_score_100":351.4796447753906,"episode_score":453.0488586425781,"total_steps":17740}