{"_timestamp":1.751875729652045e+09,"_runtime":86.087108,"std_score_100":80.1557846069336,"_wandb":{"runtime":89},"episode":27,"episode_score":349.1201477050781,"_step":27,"total_steps":10179,"avg_score_100":380.1701965332031}