{"_step":220,"std_score_100":1554.2581787109375,"avg_score_100":-676.77392578125,"_runtime":285.014012,"total_steps":19308,"_timestamp":1.7518973353918898e+09,"episode_score":-100.76033020019531,"episode":220,"_wandb":{"runtime":285}}