{"episode":38,"_step":38,"_wandb":{"runtime":146},"_runtime":122.764562,"total_steps":14557,"std_score_100":96.93162536621094,"avg_score_100":367.17901611328125,"_timestamp":1.751875367869396e+09,"episode_score":250.7239990234375}