{"episode":42,"total_steps":1600,"_runtime":18.689633,"_wandb":{"runtime":20},"avg_score_100":-33.4578857421875,"_step":42,"std_score_100":3.6137852668762207,"episode_score":-36.97370910644531,"_timestamp":1.752080987917686e+09}