{"_step":3,"episode":29,"avg_score_100":NaN,"std_score_100":NaN,"episode_score":445.2030029296875,"_timestamp":1.751985540298738e+09,"_runtime":66.808831,"_wandb":{"runtime":66}}