{"_timestamp":1.751985472316942e+09,"_wandb":{"runtime":82},"_runtime":82.893421,"_step":3,"episode":29,"avg_score_100":NaN,"std_score_100":NaN,"episode_score":456.4555358886719}