{"_timestamp":1.751984355052002e+09,"_runtime":52.897493,"_step":29,"episode":29,"_wandb":{"runtime":52},"avg_score_100":413.72271728515625,"std_score_100":121.57539367675781,"episode_score":457.1527404785156}