{"trial":1,"status":"failed","_timestamp":1.751835865079843e+09,"_runtime":2586.348695,"_wandb":{"runtime":2586},"_step":1}