{"std_score_100":117.67731475830078,"episode_score":423.9835510253906,"_timestamp":1.7519981615951629e+09,"_runtime":222.697415,"_step":99,"_wandb":{"runtime":222},"episode":199,"avg_score_100":145.48760986328125}