{"_step":29,"_wandb":{"runtime":82},"episode":29,"avg_score_100":313.6759033203125,"std_score_100":113.23625183105469,"episode_score":327.48162841796875,"_timestamp":1.751984301000879e+09,"_runtime":82.306673}