{"episode_score":392.1458740234375,"_timestamp":1.7519855816461818e+09,"_runtime":40.220972,"_step":3,"_wandb":{"runtime":40},"episode":29,"avg_score_100":NaN,"std_score_100":NaN}