{"param/H":0.052305352669155245,"param/gamma":0.9417491653812811,"trial":5,"param/alpha":1.623757327968065e-05,"param/batch_size":1024,"_wandb":{"runtime":4034},"_runtime":4034.540371,"param/beta":5.352017099735138e-05,"param/tau":0.01491735585458437,"best_reward":9.157649993896484,"_timestamp":1.751635120275177e+09,"_step":5,"param/decay_rate":0.9519336101397183,"param/learn_every":5}