{"episode_score":324.1139221191406,"_wandb":{"runtime":80},"_timestamp":1.7519845989470599e+09,"_runtime":80.729081,"_step":29,"episode":29,"avg_score_100":340.8827819824219,"std_score_100":93.85220336914062}