{
    "H": 0.27364592538346605,                               
    "alpha": 2.9078757970174904e-04,                        
    "batch_size": 512,   
    "beta": 3.547998054264363e-04,                         
    "decay_rate": 0.9984424002596399,                             
    "gamma": 0.9764874896436564,                            
    "learn_every": 10,
    "tau": 0.02543418538368299,
    "best_value": 287.5316467285156,
    "user_attrs": {
        "H": 0.27364592538346605,                               
        "alpha": 2.9078757970174904e-04,                        
        "batch_size": 512,  
        "beta": 3.547998054264363e-04,                         
        "decay_rate": 0.9984424002596399,                             
        "gamma": 0.9764874896436564,                            
        "learn_every": 10,
        "tau": 0.02543418538368299
    }
}