{"std_score_100":127.02787780761719,"episode_score":485.7076110839844,"_timestamp":1.751984676436803e+09,"_runtime":75.918129,"_step":29,"_wandb":{"runtime":75},"episode":29,"avg_score_100":381.40997314453125}