{"total_steps":21462,"_timestamp":1.7518976480346088e+09,"_runtime":296.967259,"avg_score_100":-17.34014320373535,"_step":403,"episode":403,"std_score_100":16.02927589416504,"episode_score":-38.5301513671875,"_wandb":{"runtime":297}}