{"episode_score":243.29901123046875,"total_steps":2431274,"_wandb":{"runtime":24454},"_timestamp":1.7518568145116532e+09,"_runtime":24431.580096,"_step":7249,"episode":7249,"avg_score_100":292.96466064453125}