{"trial":49,"status":"failed","_wandb":{"runtime":3},"_timestamp":1.751544209193072e+09,"_runtime":3.044968,"_step":49}