{"_runtime":3.8699719999999997,"_step":119,"_wandb":{"runtime":3},"trial":119,"status":"failed","_timestamp":1.7516257656675782e+09}