{"episode_score":576.212158203125,"_timestamp":1.751985662368469e+09,"_wandb":{"runtime":79},"_runtime":79.550116,"_step":3,"episode":29,"avg_score_100":NaN,"std_score_100":NaN}